<?xml version="1.0" encoding="UTF-8"?>
<!DOCTYPE mapper
  PUBLIC "-//mybatis.org//DTD Mapper 3.0//EN"
  "https://mybatis.org/dtd/mybatis-3-mapper.dtd">
<mapper namespace="bo">

<!-- 방명록댓글 목록조회 -->
<select id='commentList' resultType='board.BoardCommentVO'>
select c.*, name 
from board_comment c inner join member m on c.writer = m.id 
where board_id = #{board_id}
order by c.id desc
</select>

<!-- 방명록댓글 삭제 -->
<delete id='commentDelete'>
delete from board_comment where id = #{id}
</delete>

<!-- 방명록댓글 변경저장 -->
<update id='commentUpdate'>
update board_comment set content = #{content} where id = #{id}
</update>


<!-- 방명록댓글 신규저장 -->
<insert id='commentInsert'>
insert into board_comment (content, writer, board_id)
values (#{content}, #{writer}, #{board_id})
</insert>

<!-- 방명록첨부파일 신규저장 -->
<insert id="fileInsert">
<foreach collection="fileInfo" item="info" separator=" "
		open="insert all" close="select * from dual">
into board_file(board_id, filename, filepath)
values( #{id}, #{info.filename}, #{info.filepath} )
</foreach>
</insert>

<!-- 방명록 글 신규저장 -->
<insert id='insert'>
insert into board(title, content, writer)
values (#{title}, #{content}, #{writer})
<selectKey keyProperty="id" order="AFTER" resultType='integer'>
select seq_board.currval from dual
</selectKey>
</insert>

<!-- 선택한 방명록글 삭제 -->
<delete id='delete'>
delete from board where id = #{id}
</delete>

<!-- 선택한 방명록 첨부파일 조회 -->
<select id='fileInfo' resultType='board.BoardFileVO'>
select * from board_file where id = #{id}
</select>

<!-- 삭제대상 파일정보삭제 -->
<delete id="fileDelete">
delete from board_file where id in ( ${removed} )
</delete>

<!-- 삭제대상 파일정보 조회-->
<select id='fileRemoved' resultType='board.BoardFileVO'>
select * from board_file where id in ( ${removed} )
</select>


<!-- 선택한 방명록 글변경저장 -->
<update id="update">
update board set title = #{title}, content  = #{content}
where id = #{id}
</update>

<!-- 선택한 방명록 글 조회수변경 -->
<update id='read'>
update board set readcnt = readcnt + 1 where id = #{id}
</update>

<!-- 선택한 방명록 글에 대한 첨부파일 조회 -->
<select id='fileList' resultType='board.BoardFileVO'>
select * from board_file where board_id = #{id}
</select>

<!-- 선택한 방명록 글 조회 -->
<select id='info' resultType='board.BoardVO'>
select b.*, name 
from board b inner join member m on b.writer = m.id 
where b.id = #{id}
</select>

<!-- 방명록 글 목록 조회 -->
<select id='list' resultType='board.BoardVO'>
select (select count(*) from board_file 
		where board_id=b.id) filecnt, b.* from
(select b.*, name, row_number() over(order by b.id) no  
from board b inner join member m on b.writer = m.id 
<include refid="search_where"/>) b
where no between #{beginList} and #{endList}
order by no desc
</select>

<!-- 총 글의 건수 조회 -->
<select id='totalCount' resultType='integer'>
select count(*) from board <include refid="search_where"/>
</select>

<sql id='search_where'>
<choose>
<when test=" search=='all' ">
where title like '%' || #{keyword} || '%'
or    content like '%' || #{keyword} || '%'
or    <include refid="search_writer"/>
</when>
<when test=" search=='title' or search=='content' ">
where ${search} like '%' || #{keyword} || '%'
</when>
<when test=" search=='writer' ">
where <include refid="search_writer"/>
</when>
</choose>
</sql>

<sql id='search_writer'>
writer in (select id from member where name like '%' || #{keyword} || '%')
</sql>

</mapper>  