<?xml version="1.0" encoding="UTF-8"?>
<!DOCTYPE mapper
  PUBLIC "-//mybatis.org//DTD Mapper 3.0//EN"
  "https://mybatis.org/dtd/mybatis-3-mapper.dtd">
<mapper namespace="cu">

<!-- 신규고객정보 삽입저장 -->
<insert id='insert'>
insert into customer(name, gender, email, phone)
values (#{name}, #{gender}, #{email}, #{phone})
</insert>

<!-- 해당고객정보 수정저장 -->
<update id='update'>
update customer
set name = #{name}, gender = #{gender}, email = #{email}, phone = #{phone}
where id = #{id}
</update>

<!-- 해당고객정보 삭제 -->
<delete id='delete'>
delete from customer where id = #{id}
</delete>

<!-- 해당고객정보조회 -->
<select id='info' resultType='customer.CustomerVO'>
select * from customer where id = #{id}
</select>

<!-- 고객목록조회 -->
<select id='list' resultType='customer.CustomerVO'>
select * from customer order by name
</select>

</mapper>  