<?xml version="1.0" encoding="UTF-8"?>
<!DOCTYPE mapper
  PUBLIC "-//mybatis.org//DTD Mapper 3.0//EN"
  "https://mybatis.org/dtd/mybatis-3-mapper.dtd">
<mapper namespace="lo">

<!-- 신규고객정보 삽입저장 -->
<insert id='insert'>
insert into location( name, name_desc, position, post, address)
values (#{name}, #{name_desc}, #{position}, #{post}, #{address})
</insert>

<!-- 해당고객정보 수정저장 -->
<update id='update'>
update location
set name = #{name}, name_desc = #{name_desc}, position = #{position}, post = #{post}, address = #{address}
where no = #{no}
</update>

<!-- 해당고객정보 삭제 -->
<delete id='delete'>
delete from location where no = #{no}
</delete>

<!-- 해당고객정보조회 -->
<select id='info' resultType='location.LocationVO'>
select * from location where no = #{no}
</select>

<!-- 고객목록조회 -->
<select id='list' resultType='location.LocationVO'>
select * from location order by name
</select>

</mapper>  