<?xml version="1.0" encoding="UTF-8"?>
<!DOCTYPE mapper
  PUBLIC "-//mybatis.org//DTD Mapper 3.0//EN"
  "https://mybatis.org/dtd/mybatis-3-mapper.dtd">
<mapper namespace="no">

<!-- 답글저장 -->
<insert id='replyInsert'>
<!--  
step:	root가 같고 원글step보다 큰 step을 가진 경우 먼저 +1 처리를 한다
		원글step+1
indent: 원글indent+1
-->
<![CDATA[  
{
call declare 
begin 
	update notice set step = step +1 
	where root = #{root} and step > #{step};

	insert into notice
	(title, content, writer, filename, filepath, root, step, indent)
	values (#{title}, #{content}, #{writer}
	, #{filename, jdbcType=VARCHAR}, #{filepath, jdbcType=VARCHAR}
	, #{root}, #{step}+1, #{indent}+1
	);
end
}
]]>
</insert>

<!-- 신규공지글저장 -->
<insert id='insert'>
insert into notice(title, content, writer, filename, filepath)
values (#{title}, #{content}, #{writer}
		, #{filename, jdbcType=VARCHAR}
		, #{filepath, jdbcType=VARCHAR} )
</insert>

<!-- 선택한 공지글 변경저장 -->
<update id='update'>
update notice 
set title = #{title}, content = #{content}
	, filename = #{filename, jdbcType=VARCHAR}
	, filepath = #{filepath, jdbcType=VARCHAR}
where id = #{id}		
</update>

<!-- 선택한 공지글 삭제 -->
<delete id='delete'>
delete from notice where id = #{id}
</delete>


<!-- 선택한 공지글 조회수 변경 -->
<update id="read">
update notice set readcnt = readcnt+1 where id = #{id}
</update>

<!-- 선택한 공지글정보 조회 -->
<select id='info' resultType='notice.NoticeVO'>
select n.*, name  
from notice n inner join member m on n.writer = m.id 
where n.id = #{id}
</select>

<sql id='search_where'>
<choose>
	<when test='search=="all"'>
	where title like '%'|| #{keyword} ||'%'
	or 	  content like '%'|| #{keyword} ||'%'
	or 	  writer in ( select id from member 
					  where name like '%'|| #{keyword} ||'%')	
	</when>
	<when test='search=="title" or search=="content"'>
	where ${search} like '%'|| #{keyword} ||'%'
	</when>
	<when test="search=='writer' ">
	where writer in ( select id from member 
					  where name like '%'|| #{keyword} ||'%')
	</when>
	<when test="search=='t_c' ">
	where title like '%'|| #{keyword} ||'%'
	or 	  content like '%'|| #{keyword} ||'%'
	</when>
</choose>
</sql>

<!-- 공지글건수 조회 -->
<select id='totalCount' resultType='integer'>
select count(*) from notice
<include refid="search_where"/>
</select>

<!-- 공지글목록 조회 -->
<select id='list' resultType='notice.NoticeVO'>
select * from
(select row_number() over(order by root, step desc) no, n.*, name 
from notice n inner join member m on n.writer = m.id
<include refid="search_where"/>) n
where no between #{beginList} and #{endList}  
order by no desc


<!--  
select row_number() over(order by n.id) no, n.*, name 
from notice n inner join member m on n.writer = m.id  
order by no desc
-->
<!--  
select rownum no, n.* from
(select n.*, name 
from notice n inner join member m on n.writer = m.id  
order by n.id) n 
order by no desc
-->
<!--  
select n.*, name 
from notice n inner join member m on n.writer = m.id  
order by n.id desc
-->
</select>

</mapper>  






